max_side,unclip,box_thresh,rec_thresh,cer,cer_nocase,wer
2000,1.5,0.6,0.8,0.03740157480314961,0.030194472876151485,0.18430034129692832
2000,2.0,0.6,0.7,0.04281496062992126,0.03582395087001024,0.18771331058020477
2000,2.0,0.6,0.8,0.04281496062992126,0.03582395087001024,0.18771331058020477
2000,1.5,0.6,0.6,0.04330708661417323,0.036335721596724664,0.1945392491467577
2000,1.5,0.6,0.7,0.04330708661417323,0.036335721596724664,0.1945392491467577
2000,1.5,0.6,0.0,0.04429133858267716,0.03735926305015353,0.20136518771331058
2000,2.0,0.6,0.6,0.04675196850393701,0.03991811668372569,0.19112627986348124
2000,2.0,0.6,0.0,0.04773622047244094,0.04094165813715456,0.19795221843003413
2000,1.5,0.6,0.85,0.05610236220472441,0.05015353121801433,0.18430034129692832
2000,2.0,0.6,0.85,0.05954724409448819,0.05424769703172978,0.18771331058020477
