image,row,ocr_word,score,is_error,truth_word,box
test_img1.jpg,0,Henry,1.0000,0,,"[387.0, 250.0, 1051.0, 330.0]"
test_img1.jpg,0,David,1.0000,0,,"[387.0, 250.0, 1051.0, 330.0]"
test_img1.jpg,0,Thoreau,1.0000,0,,"[387.0, 250.0, 1051.0, 330.0]"
test_img1.jpg,1,Henry,0.9955,0,,"[109.0, 440.0, 1367.0, 519.0]"
test_img1.jpg,1,David,0.9955,0,,"[109.0, 440.0, 1367.0, 519.0]"
test_img1.jpg,1,Thoreau,0.9955,0,,"[109.0, 440.0, 1367.0, 519.0]"
test_img1.jpg,1,(July,0.9955,0,,"[109.0, 440.0, 1367.0, 519.0]"
test_img1.jpg,1,"12,",0.9955,0,,"[109.0, 440.0, 1367.0, 519.0]"
test_img1.jpg,1,1817,0.9955,0,,"[109.0, 440.0, 1367.0, 519.0]"
test_img1.jpg,1,May,0.9955,0,,"[109.0, 440.0, 1367.0, 519.0]"
test_img1.jpg,1,"6,",0.9955,0,,"[109.0, 440.0, 1367.0, 519.0]"
test_img1.jpg,2,1862),0.9996,0,,"[73.0, 512.0, 1365.0, 584.0]"
test_img1.jpg,2,was,0.9996,0,,"[73.0, 512.0, 1365.0, 584.0]"
test_img1.jpg,2,an,0.9996,0,,"[73.0, 512.0, 1365.0, 584.0]"
test_img1.jpg,2,American,0.9996,0,,"[73.0, 512.0, 1365.0, 584.0]"
test_img1.jpg,2,"author,",0.9996,0,,"[73.0, 512.0, 1365.0, 584.0]"
test_img1.jpg,2,"poet,",0.9996,0,,"[73.0, 512.0, 1365.0, 584.0]"
test_img1.jpg,2,"philosopher,",0.9996,0,,"[73.0, 512.0, 1365.0, 584.0]"
test_img1.jpg,3,"abolitionist,",1.0000,0,,"[68.0, 580.0, 1367.0, 649.0]"
test_img1.jpg,3,"naturalist,",1.0000,0,,"[68.0, 580.0, 1367.0, 649.0]"
test_img1.jpg,3,tax,1.0000,0,,"[68.0, 580.0, 1367.0, 649.0]"
test_img1.jpg,3,"resister,",1.0000,0,,"[68.0, 580.0, 1367.0, 649.0]"
test_img1.jpg,3,development,1.0000,0,,"[68.0, 580.0, 1367.0, 649.0]"
test_img1.jpg,3,"critic,",1.0000,0,,"[68.0, 580.0, 1367.0, 649.0]"
test_img1.jpg,4,"historian,",0.9983,0,,"[65.0, 642.0, 1372.0, 717.0]"
test_img1.jpg,4,and,0.9983,0,,"[65.0, 642.0, 1372.0, 717.0]"
test_img1.jpg,4,leading,0.9983,0,,"[65.0, 642.0, 1372.0, 717.0]"
test_img1.jpg,4,transcendentalist.,0.9983,0,,"[65.0, 642.0, 1372.0, 717.0]"
test_img1.jpg,4,He,0.9983,0,,"[65.0, 642.0, 1372.0, 717.0]"
test_img1.jpg,4,is,0.9983,0,,"[65.0, 642.0, 1372.0, 717.0]"
test_img1.jpg,4,best,0.9983,0,,"[65.0, 642.0, 1372.0, 717.0]"
test_img1.jpg,5,known,1.0000,0,,"[63.0, 710.0, 1374.0, 786.0]"
test_img1.jpg,5,for,1.0000,0,,"[63.0, 710.0, 1374.0, 786.0]"
test_img1.jpg,5,his,1.0000,0,,"[63.0, 710.0, 1374.0, 786.0]"
test_img1.jpg,5,book,1.0000,0,,"[63.0, 710.0, 1374.0, 786.0]"
test_img1.jpg,5,"Walden,",1.0000,0,,"[63.0, 710.0, 1374.0, 786.0]"
test_img1.jpg,5,a,1.0000,0,,"[63.0, 710.0, 1374.0, 786.0]"
test_img1.jpg,5,reflection,1.0000,0,,"[63.0, 710.0, 1374.0, 786.0]"
test_img1.jpg,5,upon,1.0000,0,,"[63.0, 710.0, 1374.0, 786.0]"
test_img1.jpg,5,simple,1.0000,0,,"[63.0, 710.0, 1374.0, 786.0]"
test_img1.jpg,6,living,0.9977,0,,"[66.0, 777.0, 1376.0, 853.0]"
test_img1.jpg,6,in,0.9977,0,,"[66.0, 777.0, 1376.0, 853.0]"
test_img1.jpg,6,natural,0.9977,0,,"[66.0, 777.0, 1376.0, 853.0]"
test_img1.jpg,6,"surroundings,",0.9977,0,,"[66.0, 777.0, 1376.0, 853.0]"
test_img1.jpg,6,and,0.9977,0,,"[66.0, 777.0, 1376.0, 853.0]"
test_img1.jpg,6,his,0.9977,0,,"[66.0, 777.0, 1376.0, 853.0]"
test_img1.jpg,6,essay,0.9977,0,,"[66.0, 777.0, 1376.0, 853.0]"
test_img1.jpg,6,Civil,0.9977,0,,"[66.0, 777.0, 1376.0, 853.0]"
test_img1.jpg,7,"Disobedience,",0.9793,0,,"[65.0, 843.0, 1377.0, 923.0]"
test_img1.jpg,7,an,0.9793,0,,"[65.0, 843.0, 1377.0, 923.0]"
test_img1.jpg,7,argument,0.9793,0,,"[65.0, 843.0, 1377.0, 923.0]"
test_img1.jpg,7,for,0.9793,0,,"[65.0, 843.0, 1377.0, 923.0]"
test_img1.jpg,7,disobedience,0.9793,0,,"[65.0, 843.0, 1377.0, 923.0]"
test_img1.jpg,7,to,0.9793,0,,"[65.0, 843.0, 1377.0, 923.0]"
test_img1.jpg,7,an,0.9793,0,,"[65.0, 843.0, 1377.0, 923.0]"
test_img1.jpg,8,unjust,1.0000,0,,"[67.0, 926.0, 359.0, 990.0]"
test_img1.jpg,8,state.,1.0000,0,,"[67.0, 926.0, 359.0, 990.0]"
test_img1.jpg,9,Thoreau's,1.0000,0,,"[110.0, 973.0, 1381.0, 1060.0]"
test_img1.jpg,9,philosophy,1.0000,0,,"[110.0, 973.0, 1381.0, 1060.0]"
test_img1.jpg,9,of,1.0000,0,,"[110.0, 973.0, 1381.0, 1060.0]"
test_img1.jpg,9,civil,1.0000,0,,"[110.0, 973.0, 1381.0, 1060.0]"
test_img1.jpg,9,disobedience,1.0000,0,,"[110.0, 973.0, 1381.0, 1060.0]"
test_img1.jpg,9,later,1.0000,0,,"[110.0, 973.0, 1381.0, 1060.0]"
test_img1.jpg,10,influenced,0.9846,0,,"[65.0, 1040.0, 1380.0, 1130.0]"
test_img1.jpg,10,the,0.9846,0,,"[65.0, 1040.0, 1380.0, 1130.0]"
test_img1.jpg,10,political,0.9846,0,,"[65.0, 1040.0, 1380.0, 1130.0]"
test_img1.jpg,10,thoughts,0.9846,0,,"[65.0, 1040.0, 1380.0, 1130.0]"
test_img1.jpg,10,and,0.9846,0,,"[65.0, 1040.0, 1380.0, 1130.0]"
test_img1.jpg,10,actions,0.9846,0,,"[65.0, 1040.0, 1380.0, 1130.0]"
test_img1.jpg,10,of,0.9846,0,,"[65.0, 1040.0, 1380.0, 1130.0]"
test_img1.jpg,10,such,0.9846,0,,"[65.0, 1040.0, 1380.0, 1130.0]"
test_img1.jpg,11,notable,0.9944,0,,"[65.0, 1107.0, 1383.0, 1200.0]"
test_img1.jpg,11,figures,0.9944,0,,"[65.0, 1107.0, 1383.0, 1200.0]"
test_img1.jpg,11,as,0.9944,0,,"[65.0, 1107.0, 1383.0, 1200.0]"
test_img1.jpg,11,Leo,0.9944,0,,"[65.0, 1107.0, 1383.0, 1200.0]"
test_img1.jpg,11,"Tolstoy,",0.9944,0,,"[65.0, 1107.0, 1383.0, 1200.0]"
test_img1.jpg,11,Mohandas,0.9944,0,,"[65.0, 1107.0, 1383.0, 1200.0]"
test_img1.jpg,11,"Gandhi,",0.9944,0,,"[65.0, 1107.0, 1383.0, 1200.0]"
test_img1.jpg,11,and,0.9944,0,,"[65.0, 1107.0, 1383.0, 1200.0]"
test_img1.jpg,12,Martin,1.0000,0,,"[69.0, 1194.0, 621.0, 1262.0]"
test_img1.jpg,12,Luther,1.0000,0,,"[69.0, 1194.0, 621.0, 1262.0]"
test_img1.jpg,12,King,1.0000,0,,"[69.0, 1194.0, 621.0, 1262.0]"
test_img1.jpg,12,Jr.,1.0000,0,,"[69.0, 1194.0, 621.0, 1262.0]"
test_img3.jpg,0,1008256,0.7353,1,,"[9.0, 122.0, 365.0, 203.0]"
test_img3.jpg,0,DATE,0.9298,0,,"[766.0, 102.0, 1271.0, 228.0]"
test_img3.jpg,0,June,0.9298,0,,"[766.0, 102.0, 1271.0, 228.0]"
test_img3.jpg,0,"24,",0.9298,0,,"[766.0, 102.0, 1271.0, 228.0]"
test_img3.jpg,0,2026,0.9298,0,,"[766.0, 102.0, 1271.0, 228.0]"
test_img3.jpg,1,Pcontinued,0.8476,1,continued,"[47.0, 297.0, 1338.0, 399.0]"
test_img3.jpg,1,Audying,0.8476,1,studying,"[47.0, 297.0, 1338.0, 399.0]"
test_img3.jpg,1,stARs's,0.8476,0,,"[47.0, 297.0, 1338.0, 399.0]"
test_img3.jpg,1,code,0.8476,1,codebase,"[47.0, 297.0, 1338.0, 399.0]"
test_img3.jpg,1,"base,",0.8476,1,codebase,"[47.0, 297.0, 1338.0, 399.0]"
test_img3.jpg,1,meading,0.8476,1,reading,"[47.0, 297.0, 1338.0, 399.0]"
test_img3.jpg,2,throurgh,0.9633,1,through,"[71.0, 400.0, 1417.0, 491.0]"
test_img3.jpg,2,"docuwentations,",0.9633,1,documentations,"[71.0, 400.0, 1417.0, 491.0]"
test_img3.jpg,2,developers,0.9633,0,,"[71.0, 400.0, 1417.0, 491.0]"
test_img3.jpg,2,comments,0.9633,0,,"[71.0, 400.0, 1417.0, 491.0]"
test_img3.jpg,2,in,0.9633,0,,"[71.0, 400.0, 1417.0, 491.0]"
test_img3.jpg,2,the,0.9633,0,,"[71.0, 400.0, 1417.0, 491.0]"
test_img3.jpg,3,code,0.9559,0,,"[71.0, 493.0, 1316.0, 586.0]"
test_img3.jpg,3,READHE,0.9559,1,readme,"[71.0, 493.0, 1316.0, 586.0]"
test_img3.jpg,3,file,0.9559,0,,"[71.0, 493.0, 1316.0, 586.0]"
test_img3.jpg,3,on,0.9559,0,,"[71.0, 493.0, 1316.0, 586.0]"
test_img3.jpg,3,the,0.9559,0,,"[71.0, 493.0, 1316.0, 586.0]"
test_img3.jpg,3,app's,0.9559,0,,"[71.0, 493.0, 1316.0, 586.0]"
test_img3.jpg,3,"rposifory,",0.9559,1,repository,"[71.0, 493.0, 1316.0, 586.0]"
test_img3.jpg,3,and,0.9559,0,,"[71.0, 493.0, 1316.0, 586.0]"
test_img3.jpg,4,Opencu.,0.9395,1,opencv,"[75.0, 574.0, 1433.0, 676.0]"
test_img3.jpg,4,I,0.9395,0,,"[75.0, 574.0, 1433.0, 676.0]"
test_img3.jpg,4,also,0.9395,0,,"[75.0, 574.0, 1433.0, 676.0]"
test_img3.jpg,4,continerd,0.9395,1,continued,"[75.0, 574.0, 1433.0, 676.0]"
test_img3.jpg,4,stidying,0.9395,1,studying,"[75.0, 574.0, 1433.0, 676.0]"
test_img3.jpg,4,PHp,0.9395,0,,"[75.0, 574.0, 1433.0, 676.0]"
test_img3.jpg,4,and,0.9395,0,,"[75.0, 574.0, 1433.0, 676.0]"
test_img3.jpg,4,Laravel,0.9395,0,,"[75.0, 574.0, 1433.0, 676.0]"
test_img3.jpg,5,and,0.9666,0,,"[64.0, 668.0, 1382.0, 766.0]"
test_img3.jpg,5,how,0.9666,0,,"[64.0, 668.0, 1382.0, 766.0]"
test_img3.jpg,5,to,0.9666,0,,"[64.0, 668.0, 1382.0, 766.0]"
test_img3.jpg,5,use,0.9666,0,,"[64.0, 668.0, 1382.0, 766.0]"
test_img3.jpg,5,Xampp,0.9666,0,,"[64.0, 668.0, 1382.0, 766.0]"
test_img3.jpg,5,properly,0.9666,0,,"[64.0, 668.0, 1382.0, 766.0]"
test_img3.jpg,5,until,0.9666,0,,"[64.0, 668.0, 1382.0, 766.0]"
test_img3.jpg,5,I,0.9666,0,,"[64.0, 668.0, 1382.0, 766.0]"
test_img3.jpg,5,nached,0.9666,1,reached,"[64.0, 668.0, 1382.0, 766.0]"
test_img3.jpg,5,a,0.9666,0,,"[64.0, 668.0, 1382.0, 766.0]"
test_img3.jpg,6,solid,0.9612,0,,"[66.0, 760.0, 1417.0, 855.0]"
test_img3.jpg,6,understanding,0.9612,0,,"[66.0, 760.0, 1417.0, 855.0]"
test_img3.jpg,6,of,0.9612,0,,"[66.0, 760.0, 1417.0, 855.0]"
test_img3.jpg,6,the,0.9612,0,,"[66.0, 760.0, 1417.0, 855.0]"
test_img3.jpg,6,basics,0.9612,0,,"[66.0, 760.0, 1417.0, 855.0]"
test_img3.jpg,6,and,0.9612,0,,"[66.0, 760.0, 1417.0, 855.0]"
test_img3.jpg,6,built,0.9612,0,,"[66.0, 760.0, 1417.0, 855.0]"
test_img3.jpg,6,a,0.9612,0,,"[66.0, 760.0, 1417.0, 855.0]"
test_img3.jpg,6,chat,0.9612,0,,"[66.0, 760.0, 1417.0, 855.0]"
test_img3.jpg,7,bot,0.9829,0,,"[72.0, 852.0, 1371.0, 950.0]"
test_img3.jpg,7,using,0.9829,0,,"[72.0, 852.0, 1371.0, 950.0]"
test_img3.jpg,7,GROQ,0.9829,0,,"[72.0, 852.0, 1371.0, 950.0]"
test_img3.jpg,7,API.,0.9829,0,,"[72.0, 852.0, 1371.0, 950.0]"
test_img3.jpg,7,I,0.9829,0,,"[72.0, 852.0, 1371.0, 950.0]"
test_img3.jpg,7,spent,0.9829,0,,"[72.0, 852.0, 1371.0, 950.0]"
test_img3.jpg,7,the,0.9829,0,,"[72.0, 852.0, 1371.0, 950.0]"
test_img3.jpg,7,day,0.9829,0,,"[72.0, 852.0, 1371.0, 950.0]"
test_img3.jpg,7,studying,0.9829,0,,"[72.0, 852.0, 1371.0, 950.0]"
test_img3.jpg,8,STARS,0.9331,0,,"[83.0, 953.0, 788.0, 1034.0]"
test_img3.jpg,8,codebose,0.9331,1,codebase,"[83.0, 953.0, 788.0, 1034.0]"
test_img5.jpg,0,Jerome,0.9993,0,,"[383.0, 264.0, 672.0, 377.0]"
test_img5.jpg,0,S.,0.9970,0,,"[727.0, 271.0, 817.0, 360.0]"
test_img5.jpg,0,Chua,1.0000,0,,"[889.0, 251.0, 1088.0, 382.0]"
test_img6.jpg,0,Hey,0.9995,0,,"[175.0, 143.0, 470.0, 246.0]"
test_img6.jpg,0,Reddit!,0.9995,0,,"[175.0, 143.0, 470.0, 246.0]"
test_img6.jpg,1,This,0.9480,0,,"[281.0, 247.0, 1179.0, 335.0]"
test_img6.jpg,1,is,0.9480,0,,"[281.0, 247.0, 1179.0, 335.0]"
test_img6.jpg,1,my,0.9480,0,,"[281.0, 247.0, 1179.0, 335.0]"
test_img6.jpg,1,hormal,0.9480,1,normal,"[281.0, 247.0, 1179.0, 335.0]"
test_img6.jpg,1,handwriting.,0.9480,0,,"[281.0, 247.0, 1179.0, 335.0]"
test_img6.jpg,1,l've,0.9480,1,ive,"[281.0, 247.0, 1179.0, 335.0]"
test_img6.jpg,2,gotten,0.9766,0,,"[181.0, 327.0, 1209.0, 411.0]"
test_img6.jpg,2,a,0.9766,0,,"[181.0, 327.0, 1209.0, 411.0]"
test_img6.jpg,2,lot,0.9766,0,,"[181.0, 327.0, 1209.0, 411.0]"
test_img6.jpg,2,of,0.9766,0,,"[181.0, 327.0, 1209.0, 411.0]"
test_img6.jpg,2,comments,0.9766,0,,"[181.0, 327.0, 1209.0, 411.0]"
test_img6.jpg,2,about,0.9766,0,,"[181.0, 327.0, 1209.0, 411.0]"
test_img6.jpg,2,it,0.9766,0,,"[181.0, 327.0, 1209.0, 411.0]"
test_img6.jpg,2,over,0.9766,0,,"[181.0, 327.0, 1209.0, 411.0]"
test_img6.jpg,2,the,0.9766,0,,"[181.0, 327.0, 1209.0, 411.0]"
test_img6.jpg,3,years,0.9376,0,,"[178.0, 415.0, 1158.0, 494.0]"
test_img6.jpg,3,which,0.9376,0,,"[178.0, 415.0, 1158.0, 494.0]"
test_img6.jpg,3,I,0.9376,0,,"[178.0, 415.0, 1158.0, 494.0]"
test_img6.jpg,3,um,0.9376,1,am,"[178.0, 415.0, 1158.0, 494.0]"
test_img6.jpg,3,grateful,0.9376,0,,"[178.0, 415.0, 1158.0, 494.0]"
test_img6.jpg,3,for.,0.9376,0,,"[178.0, 415.0, 1158.0, 494.0]"
test_img6.jpg,3,but,0.9376,0,,"[178.0, 415.0, 1158.0, 494.0]"
test_img6.jpg,3,donit,0.9376,1,dont,"[178.0, 415.0, 1158.0, 494.0]"
test_img6.jpg,4,always,0.9759,0,,"[172.0, 496.0, 1171.0, 582.0]"
test_img6.jpg,4,understand,0.9759,0,,"[172.0, 496.0, 1171.0, 582.0]"
test_img6.jpg,4,the,0.9759,0,,"[172.0, 496.0, 1171.0, 582.0]"
test_img6.jpg,4,compliments,0.9759,0,,"[172.0, 496.0, 1171.0, 582.0]"
test_img6.jpg,4,as,0.9759,0,,"[172.0, 496.0, 1171.0, 582.0]"
test_img6.jpg,4,1,0.9759,1,i,"[172.0, 496.0, 1171.0, 582.0]"
test_img6.jpg,5,feel,0.9566,0,,"[164.0, 576.0, 1143.0, 674.0]"
test_img6.jpg,5,mmy,0.9566,1,my,"[164.0, 576.0, 1143.0, 674.0]"
test_img6.jpg,5,miting,0.9566,1,writing,"[164.0, 576.0, 1143.0, 674.0]"
test_img6.jpg,5,is,0.9566,0,,"[164.0, 576.0, 1143.0, 674.0]"
test_img6.jpg,5,sort,0.9566,0,,"[164.0, 576.0, 1143.0, 674.0]"
test_img6.jpg,5,of,0.9566,0,,"[164.0, 576.0, 1143.0, 674.0]"
test_img6.jpg,5,a,0.9566,0,,"[164.0, 576.0, 1143.0, 674.0]"
test_img6.jpg,5,lazy,0.9566,0,,"[164.0, 576.0, 1143.0, 674.0]"
test_img6.jpg,5,half-,0.9566,0,,"[164.0, 576.0, 1143.0, 674.0]"
test_img6.jpg,6,"print,",0.9411,0,,"[169.0, 670.0, 640.0, 743.0]"
test_img6.jpg,6,haf,0.9411,1,halfcursive,"[169.0, 670.0, 640.0, 743.0]"
test_img6.jpg,6,-cursive.,0.9411,1,halfcursive,"[169.0, 670.0, 640.0, 743.0]"
test_img6.jpg,7,I,0.9661,0,,"[291.0, 742.0, 1269.0, 850.0]"
test_img6.jpg,7,hold,0.9661,0,,"[291.0, 742.0, 1269.0, 850.0]"
test_img6.jpg,7,my,0.9661,0,,"[291.0, 742.0, 1269.0, 850.0]"
test_img6.jpg,7,writing,0.9661,0,,"[291.0, 742.0, 1269.0, 850.0]"
test_img6.jpg,7,utansils,0.9661,1,utensils,"[291.0, 742.0, 1269.0, 850.0]"
test_img6.jpg,7,VERY,0.9661,0,,"[291.0, 742.0, 1269.0, 850.0]"
test_img6.jpg,7,tightly,0.9661,0,,"[291.0, 742.0, 1269.0, 850.0]"
test_img6.jpg,8,and,0.9499,0,,"[168.0, 826.0, 1181.0, 915.0]"
test_img6.jpg,8,press,0.9499,0,,"[168.0, 826.0, 1181.0, 915.0]"
test_img6.jpg,8,downn,0.9499,1,down,"[168.0, 826.0, 1181.0, 915.0]"
test_img6.jpg,8,VEKY,0.9499,1,very,"[168.0, 826.0, 1181.0, 915.0]"
test_img6.jpg,8,hand.,0.9499,1,hard,"[168.0, 826.0, 1181.0, 915.0]"
test_img6.jpg,8,My,0.9499,0,,"[168.0, 826.0, 1181.0, 915.0]"
test_img6.jpg,8,paper,0.9499,0,,"[168.0, 826.0, 1181.0, 915.0]"
test_img6.jpg,8,is,0.9499,0,,"[168.0, 826.0, 1181.0, 915.0]"
test_img6.jpg,9,Mways,0.9278,1,always,"[168.0, 904.0, 1181.0, 992.0]"
test_img6.jpg,9,turned,0.9278,0,,"[168.0, 904.0, 1181.0, 992.0]"
test_img6.jpg,9,90°,0.9278,0,,"[168.0, 904.0, 1181.0, 992.0]"
test_img6.jpg,9,to,0.9278,0,,"[168.0, 904.0, 1181.0, 992.0]"
test_img6.jpg,9,the,0.9278,0,,"[168.0, 904.0, 1181.0, 992.0]"
test_img6.jpg,9,left,0.9278,0,,"[168.0, 904.0, 1181.0, 992.0]"
test_img6.jpg,9,and,0.9278,0,,"[168.0, 904.0, 1181.0, 992.0]"
test_img6.jpg,9,1,0.9278,1,i,"[168.0, 904.0, 1181.0, 992.0]"
test_img6.jpg,9,am,0.9278,0,,"[168.0, 904.0, 1181.0, 992.0]"
test_img6.jpg,10,right-handed.,0.9759,0,,"[163.0, 975.0, 519.0, 1071.0]"
test_img6.jpg,11,SOME,0.9693,1,sometimes,"[284.0, 1090.0, 1192.0, 1176.0]"
test_img6.jpg,11,TIMES,0.9693,1,sometimes,"[284.0, 1090.0, 1192.0, 1176.0]"
test_img6.jpg,11,I,0.9693,0,,"[284.0, 1090.0, 1192.0, 1176.0]"
test_img6.jpg,11,PREFER,0.9693,0,,"[284.0, 1090.0, 1192.0, 1176.0]"
test_img6.jpg,11,MY,0.9693,0,,"[284.0, 1090.0, 1192.0, 1176.0]"
test_img6.jpg,11,ALL-CAPS,0.9693,0,,"[284.0, 1090.0, 1192.0, 1176.0]"
test_img6.jpg,12,WRITING,0.9635,0,,"[165.0, 1169.0, 1159.0, 1238.0]"
test_img6.jpg,12,FOR,0.9635,0,,"[165.0, 1169.0, 1159.0, 1238.0]"
test_img6.jpg,12,LISTS,0.9635,0,,"[165.0, 1169.0, 1159.0, 1238.0]"
test_img6.jpg,12,NOTES.,0.9635,0,,"[165.0, 1169.0, 1159.0, 1238.0]"
test_img6.jpg,12,IT,0.9635,0,,"[165.0, 1169.0, 1159.0, 1238.0]"
test_img6.jpg,12,MAKES,0.9635,0,,"[165.0, 1169.0, 1159.0, 1238.0]"
test_img6.jpg,12,ME,0.9635,0,,"[165.0, 1169.0, 1159.0, 1238.0]"
test_img6.jpg,13,THINK,0.9997,0,,"[165.0, 1239.0, 675.0, 1302.0]"
test_img6.jpg,13,OF,0.9997,0,,"[165.0, 1239.0, 675.0, 1302.0]"
test_img6.jpg,13,COMIC,0.9997,0,,"[165.0, 1239.0, 675.0, 1302.0]"
test_img6.jpg,13,BOOKS!,0.9997,0,,"[165.0, 1239.0, 675.0, 1302.0]"
test_img6.jpg,14,And,0.9519,0,,"[265.0, 1314.0, 1236.0, 1433.0]"
test_img6.jpg,14,this,0.9519,0,,"[265.0, 1314.0, 1236.0, 1433.0]"
test_img6.jpg,14,is,0.9519,0,,"[265.0, 1314.0, 1236.0, 1433.0]"
test_img6.jpg,14,muy,0.9519,1,my,"[265.0, 1314.0, 1236.0, 1433.0]"
test_img6.jpg,14,best,0.9519,0,,"[265.0, 1314.0, 1236.0, 1433.0]"
test_img6.jpg,14,attempt,0.9519,0,,"[265.0, 1314.0, 1236.0, 1433.0]"
test_img6.jpg,15,at,0.9685,0,,"[179.0, 1411.0, 1225.0, 1509.0]"
test_img6.jpg,15,proper,0.9685,0,,"[179.0, 1411.0, 1225.0, 1509.0]"
test_img6.jpg,15,cursive.,0.9685,0,,"[179.0, 1411.0, 1225.0, 1509.0]"
test_img6.jpg,15,dt,0.9685,1,it,"[179.0, 1411.0, 1225.0, 1509.0]"
test_img6.jpg,15,needs,0.9685,0,,"[179.0, 1411.0, 1225.0, 1509.0]"
test_img6.jpg,15,work..,0.9685,0,,"[179.0, 1411.0, 1225.0, 1509.0]"
test_img6.jpg,16,"Amyway,",0.9831,1,anyway,"[273.0, 1511.0, 1069.0, 1646.0]"
test_img6.jpg,16,thanks,0.9831,0,,"[273.0, 1511.0, 1069.0, 1646.0]"
test_img6.jpg,16,for,0.9831,0,,"[273.0, 1511.0, 1069.0, 1646.0]"
test_img6.jpg,16,reading!,0.9831,0,,"[273.0, 1511.0, 1069.0, 1646.0]"
test_img6.jpg,17,—TraddingtonBear,0.9721,0,,"[598.0, 1718.0, 1131.0, 1838.0]"
test_img6.jpg,18,P.S.,0.9878,0,,"[179.0, 1805.0, 1059.0, 1907.0]"
test_img6.jpg,18,THIS,0.9878,0,,"[179.0, 1805.0, 1059.0, 1907.0]"
test_img6.jpg,18,IS,0.9878,0,,"[179.0, 1805.0, 1059.0, 1907.0]"
test_img6.jpg,18,WRITTEN,0.9878,0,,"[179.0, 1805.0, 1059.0, 1907.0]"
test_img6.jpg,18,WITH,0.9878,0,,"[179.0, 1805.0, 1059.0, 1907.0]"
test_img6.jpg,18,A,0.9878,0,,"[179.0, 1805.0, 1059.0, 1907.0]"
test_img6.jpg,18,MICRON,0.9878,0,,"[179.0, 1805.0, 1059.0, 1907.0]"
test_img6.jpg,18,05.,0.9878,0,,"[179.0, 1805.0, 1059.0, 1907.0]"
test_img7.jpg,0,Memo,0.9522,0,,"[490.0, 166.0, 558.0, 192.0]"
test_img7.jpg,0,No.,0.9522,0,,"[490.0, 166.0, 558.0, 192.0]"
test_img7.jpg,1,Date,1.0000,0,,"[491.0, 189.0, 533.0, 211.0]"
test_img7.jpg,2,Always,0.9855,0,,"[94.0, 203.0, 655.0, 276.0]"
test_img7.jpg,2,be,0.9855,0,,"[94.0, 203.0, 655.0, 276.0]"
test_img7.jpg,2,kind,0.9855,0,,"[94.0, 203.0, 655.0, 276.0]"
test_img7.jpg,2,to,0.9855,0,,"[94.0, 203.0, 655.0, 276.0]"
test_img7.jpg,2,"yourself,",0.9855,0,,"[94.0, 203.0, 655.0, 276.0]"
test_img7.jpg,2,you,0.9855,0,,"[94.0, 203.0, 655.0, 276.0]"
test_img7.jpg,2,do,0.9855,0,,"[94.0, 203.0, 655.0, 276.0]"
test_img7.jpg,3,so,0.9908,0,,"[98.0, 248.0, 671.0, 313.0]"
test_img7.jpg,3,much,0.9908,0,,"[98.0, 248.0, 671.0, 313.0]"
test_img7.jpg,3,for,0.9908,0,,"[98.0, 248.0, 671.0, 313.0]"
test_img7.jpg,3,the,0.9908,0,,"[98.0, 248.0, 671.0, 313.0]"
test_img7.jpg,3,"people,",0.9908,0,,"[98.0, 248.0, 671.0, 313.0]"
test_img7.jpg,3,you,0.9908,0,,"[98.0, 248.0, 671.0, 313.0]"
test_img7.jpg,3,give,0.9908,0,,"[98.0, 248.0, 671.0, 313.0]"
test_img7.jpg,3,them,0.9908,0,,"[98.0, 248.0, 671.0, 313.0]"
test_img7.jpg,4,the,0.9741,0,,"[103.0, 289.0, 654.0, 347.0]"
test_img7.jpg,4,love,0.9741,0,,"[103.0, 289.0, 654.0, 347.0]"
test_img7.jpg,4,that,0.9741,0,,"[103.0, 289.0, 654.0, 347.0]"
test_img7.jpg,4,you,0.9741,0,,"[103.0, 289.0, 654.0, 347.0]"
test_img7.jpg,4,want,0.9741,0,,"[103.0, 289.0, 654.0, 347.0]"
test_img7.jpg,4,to,0.9741,0,,"[103.0, 289.0, 654.0, 347.0]"
test_img7.jpg,4,receive,0.9741,0,,"[103.0, 289.0, 654.0, 347.0]"
test_img7.jpg,5,and,0.9788,0,,"[103.0, 328.0, 656.0, 385.0]"
test_img7.jpg,5,so,0.9788,0,,"[103.0, 328.0, 656.0, 385.0]"
test_img7.jpg,5,everything,0.9788,0,,"[103.0, 328.0, 656.0, 385.0]"
test_img7.jpg,5,but,0.9788,0,,"[103.0, 328.0, 656.0, 385.0]"
test_img7.jpg,5,in,0.9788,0,,"[103.0, 328.0, 656.0, 385.0]"
test_img7.jpg,5,this,0.9788,0,,"[103.0, 328.0, 656.0, 385.0]"
test_img7.jpg,5,all,0.9788,0,,"[103.0, 328.0, 656.0, 385.0]"
test_img7.jpg,5,ly,0.9992,1,,"[683.0, 342.0, 728.0, 389.0]"
test_img7.jpg,6,you,0.9913,0,,"[103.0, 369.0, 626.0, 430.0]"
test_img7.jpg,6,forget-yourself.,0.9913,0,,"[103.0, 369.0, 626.0, 430.0]"
test_img7.jpg,6,You,0.9913,0,,"[103.0, 369.0, 626.0, 430.0]"
test_img7.jpg,6,need,0.9913,0,,"[103.0, 369.0, 626.0, 430.0]"
test_img7.jpg,6,cel,0.7786,1,,"[684.0, 379.0, 736.0, 424.0]"
test_img7.jpg,7,yourself,0.9981,0,,"[102.0, 409.0, 540.0, 467.0]"
test_img7.jpg,7,"too,",0.9981,0,,"[102.0, 409.0, 540.0, 467.0]"
test_img7.jpg,7,so,0.9981,0,,"[102.0, 409.0, 540.0, 467.0]"
test_img7.jpg,7,always,0.9981,0,,"[102.0, 409.0, 540.0, 467.0]"
test_img7.jpg,7,yl.,0.9986,1,,"[686.0, 419.0, 736.0, 471.0]"
test_img7.jpg,8,care,0.9993,0,,"[105.0, 453.0, 681.0, 508.0]"
test_img7.jpg,8,for,0.9993,0,,"[105.0, 453.0, 681.0, 508.0]"
test_img7.jpg,8,"yourself,",0.9993,0,,"[105.0, 453.0, 681.0, 508.0]"
test_img7.jpg,8,and,0.9993,0,,"[105.0, 453.0, 681.0, 508.0]"
test_img7.jpg,8,if,0.9993,0,,"[105.0, 453.0, 681.0, 508.0]"
test_img7.jpg,8,things,0.9993,0,,"[105.0, 453.0, 681.0, 508.0]"
test_img7.jpg,9,don't,0.9901,0,,"[107.0, 496.0, 663.0, 543.0]"
test_img7.jpg,9,go,0.9901,0,,"[107.0, 496.0, 663.0, 543.0]"
test_img7.jpg,9,as,0.9901,0,,"[107.0, 496.0, 663.0, 543.0]"
test_img7.jpg,9,you,0.9901,0,,"[107.0, 496.0, 663.0, 543.0]"
test_img7.jpg,9,wanted,0.9901,0,,"[107.0, 496.0, 663.0, 543.0]"
test_img7.jpg,9,them,0.9901,0,,"[107.0, 496.0, 663.0, 543.0]"
test_img7.jpg,9,ty,0.9999,1,,"[694.0, 498.0, 736.0, 550.0]"
test_img7.jpg,10,"to,",0.9979,0,,"[107.0, 542.0, 650.0, 583.0]"
test_img7.jpg,10,just,0.9979,0,,"[107.0, 542.0, 650.0, 583.0]"
test_img7.jpg,10,let,0.9979,0,,"[107.0, 542.0, 650.0, 583.0]"
test_img7.jpg,10,it,0.9979,0,,"[107.0, 542.0, 650.0, 583.0]"
test_img7.jpg,10,happen.,0.9979,0,,"[107.0, 542.0, 650.0, 583.0]"
test_img7.jpg,10,Don't,0.9979,0,,"[107.0, 542.0, 650.0, 583.0]"
test_img7.jpg,10,ity,0.8786,1,,"[698.0, 543.0, 736.0, 588.0]"
test_img7.jpg,11,be,0.9962,0,,"[107.0, 582.0, 691.0, 631.0]"
test_img7.jpg,11,harsh,0.9962,0,,"[107.0, 582.0, 691.0, 631.0]"
test_img7.jpg,11,on,0.9962,0,,"[107.0, 582.0, 691.0, 631.0]"
test_img7.jpg,11,yourself.,0.9962,0,,"[107.0, 582.0, 691.0, 631.0]"
test_img7.jpg,11,Everything,0.9962,0,,"[107.0, 582.0, 691.0, 631.0]"
test_img7.jpg,11,n,0.9987,1,,"[700.0, 589.0, 732.0, 625.0]"
test_img7.jpg,12,will,0.9973,0,,"[108.0, 626.0, 634.0, 672.0]"
test_img7.jpg,12,be,0.9973,0,,"[108.0, 626.0, 634.0, 672.0]"
test_img7.jpg,12,"alright,",0.9973,0,,"[108.0, 626.0, 634.0, 672.0]"
test_img7.jpg,12,if,0.9973,0,,"[108.0, 626.0, 634.0, 672.0]"
test_img7.jpg,12,happiness,0.9973,0,,"[108.0, 626.0, 634.0, 672.0]"
test_img7.jpg,12,ea,0.9999,1,,"[704.0, 630.0, 736.0, 668.0]"
test_img7.jpg,13,can,0.9955,0,,"[106.0, 667.0, 644.0, 716.0]"
test_img7.jpg,13,leave,0.9955,0,,"[106.0, 667.0, 644.0, 716.0]"
test_img7.jpg,13,then,0.9955,0,,"[106.0, 667.0, 644.0, 716.0]"
test_img7.jpg,13,this,0.9955,0,,"[106.0, 667.0, 644.0, 716.0]"
test_img7.jpg,13,time,0.9955,0,,"[106.0, 667.0, 644.0, 716.0]"
test_img7.jpg,13,will,0.9955,0,,"[106.0, 667.0, 644.0, 716.0]"
test_img7.jpg,13,8.,0.9637,1,,"[707.0, 672.0, 736.0, 710.0]"
test_img7.jpg,14,leave,0.9994,0,,"[104.0, 711.0, 640.0, 765.0]"
test_img7.jpg,14,too.,0.9994,0,,"[104.0, 711.0, 640.0, 765.0]"
test_img7.jpg,14,Everything,0.9994,0,,"[104.0, 711.0, 640.0, 765.0]"
test_img7.jpg,14,has,0.9994,0,,"[104.0, 711.0, 640.0, 765.0]"
test_img7.jpg,14,it's,0.9994,0,,"[104.0, 711.0, 640.0, 765.0]"
test_img7.jpg,14,f,0.1655,1,,"[712.0, 719.0, 736.0, 758.0]"
test_img7.jpg,15,right,0.9993,0,,"[104.0, 755.0, 702.0, 816.0]"
test_img7.jpg,15,"time,",0.9993,0,,"[104.0, 755.0, 702.0, 816.0]"
test_img7.jpg,15,so,0.9993,0,,"[104.0, 755.0, 702.0, 816.0]"
test_img7.jpg,15,just,0.9993,0,,"[104.0, 755.0, 702.0, 816.0]"
test_img7.jpg,15,go,0.9993,0,,"[104.0, 755.0, 702.0, 816.0]"
test_img7.jpg,15,with,0.9993,0,,"[104.0, 755.0, 702.0, 816.0]"
test_img7.jpg,15,the,0.9993,0,,"[104.0, 755.0, 702.0, 816.0]"
test_img7.jpg,16,flow,0.9999,0,,"[133.0, 805.0, 468.0, 866.0]"
test_img7.jpg,16,and,0.9999,0,,"[133.0, 805.0, 468.0, 866.0]"
test_img7.jpg,16,relax.,0.9999,0,,"[133.0, 805.0, 468.0, 866.0]"
